{
  "height": 38,
  "width": 205,
  "x": 13.296875,
  "y": 699.046875
}