{
  "height": 12.4375,
  "width": 19.989501953125,
  "x": 909.0989990234375,
  "y": 160.796875
}