{
  "height": 18,
  "width": 151,
  "x": 893.53125,
  "y": 325.296875
}